Origin,TrainDays,TrainStart,TrainEnd,HorizonStart,HorizonEnd,XGB_RMSE,XGB_MAE,XGB_MAPE,XGB_sMAPE,SeasNaive_RMSE,SeasNaive_MAE,SeasNaive_MAPE,SeasNaive_sMAPE,Weekday8_RMSE,Weekday8_MAE,Weekday8_MAPE,Weekday8_sMAPE,LastValue_RMSE,LastValue_MAE,LastValue_MAPE,LastValue_sMAPE
2021-06-01,380,2020-05-18,2021-06-01,2021-06-02,2021-11-28,33.37958750438166,27.98253242492676,19.039328751617955,18.886405019835014,29.727856371498508,23.88666666666667,17.94416545990451,16.000053108956696,26.917716750001112,21.986646650074043,14.869629596039005,14.556083166040118,37.13202271774473,30.881111111111114,19.464016911683345,20.865906572844008
2021-07-01,410,2020-05-18,2021-07-01,2021-07-02,2021-12-28,32.54117644138409,26.815119264390734,16.84175530535458,17.80451087942598,35.46602834638616,28.425000000000004,19.66643894940205,19.314151436482547,30.346568871627028,23.741628730105255,16.405402251041746,15.885134302114714,34.58789849386953,29.735000000000007,19.5623609953417,19.876362997362126
2021-08-01,441,2020-05-18,2021-08-01,2021-08-02,2022-01-28,32.238340307484705,26.344547220865884,17.77866772283797,17.920251121693866,40.465617092374444,30.82055555555556,21.440803230814783,20.533508221506906,36.80012594308347,27.65340080488107,20.027655997726345,18.944267015093004,52.379077141757875,41.412777777777784,24.528426058945552,29.957193011673063
2021-09-01,472,2020-05-18,2021-09-01,2021-09-02,2022-02-28,29.645801736841147,24.036538026597768,15.537893901130662,15.909724223086513,34.94254172526982,27.224444444444448,17.640457253697765,18.30352650612953,29.10348614533828,23.08823203411341,15.076453102128648,15.16207392746331,39.64602263923975,33.18666666666667,20.405784305087767,22.215241732482237
2021-10-01,502,2020-05-18,2021-10-01,2021-10-02,2022-03-30,36.47491697154051,28.93398139953613,17.205837097505466,18.426077564746898,36.877666381941495,28.88166666666667,17.956207123366923,18.563691989860992,38.15910902169126,30.956476679283927,18.580496945590927,19.912979509361822,37.19849533994024,31.075,21.8550405457965,19.691458074828493
2021-11-01,533,2020-05-18,2021-11-01,2021-11-02,2022-04-30,45.768954112864726,35.59700456407335,20.24044448493188,22.582092464184512,48.716033180965056,37.065555555555555,22.92408544774567,23.64178888645289,36.45428944606471,28.939921304463237,18.1839322957295,17.97474126831822,69.57174314651347,57.68222222222223,31.1462314690823,39.336739395175975
2021-12-01,563,2020-05-18,2021-12-01,2021-12-02,2022-05-30,50.494631055850036,39.34350174797906,21.73063836350697,24.217549156023818,36.74578660653944,28.35388888888889,18.25185767765366,17.30531918972316,35.59530800794125,28.029727541644412,17.724171982886688,16.925769855328735,43.29773601984802,37.02055555555555,22.61056299128642,22.519575429996014
2022-01-01,594,2020-05-18,2022-01-01,2022-01-02,2022-06-30,60.671510608020455,50.330079337226024,26.325674726236763,30.341994049695494,77.92034536770369,65.21,33.135186527237515,41.96392693402001,47.524164497955155,38.66498012302467,20.77957994935514,22.428354469759594,84.28301397342435,72.58999999999999,36.64981249771991,47.37173502935793
2022-02-01,625,2020-05-18,2022-02-01,2022-02-02,2022-07-31,62.563292237159786,53.439460822211366,25.978828632809382,30.696432515997262,40.32419937897782,32.646111111111104,16.97322461886427,18.072752829607303,60.80833610273781,53.40440355995925,26.36424376552985,30.74435865143358,51.8793680891868,44.029444444444444,22.51326827927803,24.299426823120328
2022-03-01,653,2020-05-18,2022-03-01,2022-03-02,2022-08-28,70.16284107571363,61.32840481228299,29.031245489655134,34.803908323604134,47.242661981635955,39.51555555555556,20.170605062032184,21.37649485037982,45.35857207451727,38.543535260122404,19.269909106262155,20.78270210557204,74.66449922449387,65.39333333333335,30.759982981874867,37.1729747314192
2022-04-01,684,2020-05-18,2022-04-01,2022-04-02,2022-09-28,62.09096733624762,52.19057526482476,25.043252375649132,28.55929614295154,42.51988685048183,34.64333333333333,18.149883284911773,18.426634391972936,36.102429079690154,28.9877327045765,15.018117398907268,15.101502434662123,54.746610245140594,47.98222222222222,23.58983111826432,25.342969724591914
2022-05-01,714,2020-05-18,2022-05-01,2022-05-02,2022-10-28,76.32056931971492,67.49011069403754,31.083628282972235,37.59794601116615,36.92119611039466,29.863888888888887,14.609614812692747,15.166827969251642,39.64465445951023,33.2212147522614,15.862982269818602,16.838105177127787,42.476166519852306,33.90277777777778,19.35574744239293,17.314413730036087
2022-06-01,745,2020-05-18,2022-06-01,2022-06-02,2022-11-28,76.758044095631,65.18262132432726,30.19205545335201,36.606194528932384,39.305119824832545,26.076666666666668,16.136535607893872,13.341157768467498,38.6045292319687,29.52339120337566,16.052218160126408,15.186694797598719,47.45721699008955,36.64888888888889,22.290268504551605,19.004076226823162
2022-07-01,775,2020-05-18,2022-07-01,2022-07-02,2022-12-28,48.60097975415109,36.98784091525608,21.495198194396753,20.249026975444504,54.439047464929885,37.55888888888889,24.672389570634902,19.76389306012822,46.7778928327425,32.06635330419728,21.568622094021254,17.257829416899533,53.10345667761291,40.592222222222226,26.992906255242577,21.704925962201525
