Origin,1-30,31-60,61-90,91-120,121-150,151-180
2021-06-01,15.94216339923405,24.304558948264837,18.799630650662955,15.958068914252278,20.60738445663111,18.624166140662503
2021-07-01,14.664646645043149,16.666584890949935,14.151188299097555,18.1303602122257,19.82881621039437,17.60893557441678
2021-08-01,18.58345008839127,15.244367522654366,15.273823963834877,17.49334665915627,17.30029593759002,22.776722165401008
2021-09-01,9.855824937181021,16.160551862390765,18.058763240286286,17.580821601634845,22.644856877889204,8.926544887401857
2021-10-01,13.721865169967922,18.330926196109367,18.20993674645776,20.872443826148036,9.106430068010855,22.99342057833885
2021-11-01,15.260987647828493,19.224797083847402,20.77177999931462,11.455387201772863,25.091621553848253,29.63809342297964
2021-12-01,13.015032490190645,22.52809615767609,9.897909206801803,25.725451900716408,28.781597529374654,30.435742896282225
2022-01-01,22.168813436655125,12.120776278573631,28.661816368085432,29.451519444299947,30.00252495081319,35.54859787899321
2022-02-01,9.371696698182143,25.71173103666291,27.50404153122506,27.546498583886887,33.18496377189969,32.55404017499962
2022-03-01,18.309868813924105,25.612274089858882,27.8150915009693,34.443197185227206,32.15851155857221,35.848529789379086
2022-04-01,18.284498164650163,17.07994656257991,19.92215552962891,24.403091484381495,33.96486632733313,36.60495618532117
2022-05-01,16.54595875126387,29.57122107055916,32.882641880331555,36.724091390721554,37.39903462933233,33.37882197562497
2022-06-01,8.589786174062564,27.926405968249874,38.10556303936332,38.14215781334258,33.74774343899302,34.640676286100685
2022-07-01,17.118333458225706,13.041183894175061,13.017928432540996,20.31461959969545,37.92536007080526,27.553763710938068
