Method,band,RMSE,MAE,MAPE
XGB,1-30,30.696491002953795,24.26217474074591,15.102351848200016
XGB,31-60,41.632371239799674,35.851855643136155,20.251672968753727
XGB,61-90,47.0683067549684,40.58565912155878,21.64801931347146
XGB,91-120,52.99605180761916,46.516790237426754,24.160075415532965
XGB,121-150,59.63850433002533,52.91358515421549,27.267429098677663
XGB,151-180,62.54563419816033,55.29949988228934,27.652357976202836
SeasNaive,1-30,32.26171423293055,24.346666666666668,15.527122539752595
SeasNaive,31-60,38.63927161741062,30.66547619047619,19.22290421974183
SeasNaive,61-90,38.75394896677488,31.80047619047619,18.977402377293988
SeasNaive,91-120,42.13663193564236,34.039047619047615,19.56837096516254
SeasNaive,121-150,46.46927463896985,37.57238095238095,21.715755727796893
SeasNaive,151-180,52.46639104715208,43.07833333333333,24.84763901033185
Weekday8,1-30,30.969359900349207,24.155226149786085,15.371605511318888
Weekday8,31-60,34.58632987720413,27.79035887172889,16.989956001572875
Weekday8,61-90,34.24436129364301,27.892492470809167,16.22824126212358
Weekday8,91-120,37.846477388583715,31.13514481804361,17.53378913492448
Weekday8,121-150,43.33296691319966,35.94447660623966,20.218319298230785
Weekday8,151-180,48.79233900772285,41.142720219999376,23.279552326899484
LastValue,1-30,42.18368138437465,35.207142857142856,21.457990940610866
LastValue,31-60,45.236491972202906,38.11404761904761,22.519239272849525
LastValue,61-90,47.15795058658458,39.41095238095238,22.385216924500916
LastValue,91-120,52.59987331482511,44.98761904761904,25.23945748071795
LastValue,121-150,56.04491274085642,48.029523809523816,26.356603084809993
LastValue,151-180,60.77611327931316,52.30738095238096,28.494738163602676
