Origin,Method,band,MAPE,MAE,RMSE
2021-06-01,XGB,1-30,15.94216339923405,21.08723744710286,26.751429410028305
2021-06-01,XGB,31-60,24.304558948264837,38.91562998453776,42.70706462715515
2021-06-01,XGB,61-90,18.799630650662955,23.707760416666662,28.976451280239306
2021-06-01,XGB,91-120,15.958068914252278,21.380693105061845,26.939251643427422
2021-06-01,XGB,121-150,20.60738445663111,33.23826049804687,37.48992203586178
2021-06-01,XGB,151-180,18.624166140662503,29.56561309814453,34.27530547010942
2021-06-01,SeasNaive,1-30,17.373269672941966,22.126666666666665,29.465143248704333
2021-06-01,SeasNaive,31-60,22.58306638857943,30.959999999999997,36.31108187133326
2021-06-01,SeasNaive,61-90,19.450624029081535,24.419999999999998,30.484630007048906
2021-06-01,SeasNaive,91-120,21.66198285490481,26.986666666666665,32.756057963884075
2021-06-01,SeasNaive,121-150,12.409839952294238,17.856666666666666,20.801530392417444
2021-06-01,SeasNaive,151-180,14.186209861625052,20.970000000000002,26.092291326494625
2021-06-01,Weekday8,1-30,12.066442830814834,17.53810546875,21.823924746609663
2021-06-01,Weekday8,31-60,17.47752807489411,26.95519746164481,31.00389622034432
2021-06-01,Weekday8,61-90,15.065065845610643,20.318491757106596,24.75968171197413
2021-06-01,Weekday8,91-120,16.49784959905993,21.176885403607283,26.78456958748652
2021-06-01,Weekday8,121-150,12.512532237129403,20.46101984441994,24.98042639610605
2021-06-01,Weekday8,151-180,15.598358988725101,25.470179964915634,30.909203623123876
2021-06-01,LastValue,1-30,19.524742827582198,29.69333333333333,33.14787072095783
2021-06-01,LastValue,31-60,23.32525959699185,39.026666666666664,45.39656374660972
2021-06-01,LastValue,61-90,17.012248279501925,24.836666666666662,30.260221413598416
2021-06-01,LastValue,91-120,14.452717064537216,20.386666666666663,26.74582833515039
2021-06-01,LastValue,121-150,20.970074343130445,34.25666666666666,39.23102938576385
2021-06-01,LastValue,151-180,21.499059358356458,37.086666666666666,44.079466118968966
2021-07-01,XGB,1-30,14.664646645043149,24.587780049641925,29.881324593371005
2021-07-01,XGB,31-60,16.666584890949935,24.765006306966143,30.855300679322045
2021-07-01,XGB,61-90,14.151188299097555,19.491527862548825,25.081309596721002
2021-07-01,XGB,91-120,18.1303602122257,29.275020701090497,34.52360943756372
2021-07-01,XGB,121-150,19.82881621039437,33.32280609130859,38.977067174266764
2021-07-01,XGB,151-180,17.60893557441678,29.448574574788402,34.182779004619626
2021-07-01,SeasNaive,1-30,14.034864668388849,22.086666666666662,27.763453195403002
2021-07-01,SeasNaive,31-60,22.584848911476136,30.41666666666666,35.65676653876512
2021-07-01,SeasNaive,61-90,24.54307043310183,31.226666666666667,35.58339500384976
2021-07-01,SeasNaive,91-120,18.78206633156909,28.496666666666663,36.245997480181636
2021-07-01,SeasNaive,121-150,20.801808748941514,32.42,40.73196124257542
2021-07-01,SeasNaive,151-180,17.251974602934887,25.90333333333333,35.57776927614584
2021-07-01,Weekday8,1-30,13.36043304140964,20.39668518066406,24.643135894534538
2021-07-01,Weekday8,31-60,19.24375953613689,26.122286115710928,30.654433882788638
2021-07-01,Weekday8,61-90,20.519529223378797,26.080324000746977,31.572081675759662
2021-07-01,Weekday8,91-120,13.446316100163394,21.12458675212448,28.283571009543934
2021-07-01,Weekday8,121-150,16.06400117250189,25.328740448711017,33.917844876586734
2021-07-01,Weekday8,151-180,15.798374432659857,23.397149882674025,32.114327936712364
2021-07-01,LastValue,1-30,23.099149344156714,36.626666666666665,41.18164639739407
2021-07-01,LastValue,31-60,17.900994070602046,24.50333333333333,28.641595625942347
2021-07-01,LastValue,61-90,16.468964327775353,21.819999999999997,26.69642922439878
2021-07-01,LastValue,91-120,18.875317469106683,29.59,34.4397106066045
2021-07-01,LastValue,121-150,20.891480541191008,34.35333333333333,39.09935208329331
2021-07-01,LastValue,151-180,20.138260219218385,31.51666666666666,35.1299729575757
2021-08-01,XGB,1-30,18.58345008839127,25.532170206705732,33.174529731689525
2021-08-01,XGB,31-60,15.244367522654366,20.44582356770833,25.43192573571684
2021-08-01,XGB,61-90,15.273823963834877,26.320195465087888,33.05771068196523
2021-08-01,XGB,91-120,17.49334665915627,29.92674260457357,35.98377513283746
2021-08-01,XGB,121-150,17.30029593759002,28.426811981201165,33.24505452436435
2021-08-01,XGB,151-180,22.776722165401008,27.41553949991862,31.55397417870373
2021-08-01,SeasNaive,1-30,21.83110698968339,30.70333333333333,37.869966112122846
2021-08-01,SeasNaive,31-60,22.82128673629211,30.779999999999998,38.280726220906516
2021-08-01,SeasNaive,61-90,16.94193747800909,27.603333333333335,36.602973467556794
2021-08-01,SeasNaive,91-120,21.323286638336473,33.60666666666666,42.97722652754596
2021-08-01,SeasNaive,121-150,20.090938906179826,29.356666666666662,41.272674576124416
2021-08-01,SeasNaive,151-180,25.636262636387823,32.87333333333333,45.110922550235365
2021-08-01,Weekday8,1-30,22.717272874653005,30.66697652180989,36.444664951757396
2021-08-01,Weekday8,31-60,21.910929169296857,28.19311142211159,34.92783282310745
2021-08-01,Weekday8,61-90,13.927715945487485,22.39827406293978,32.68945998750452
2021-08-01,Weekday8,91-120,17.322885543690518,26.65147454425717,37.793511110028874
2021-08-01,Weekday8,121-150,17.17329993175044,24.4604995679055,37.003730683932524
2021-08-01,Weekday8,151-180,27.113832521479768,33.550068710262515,41.36547046231302
2021-08-01,LastValue,1-30,22.55874338423036,36.596666666666664,46.465280945382574
2021-08-01,LastValue,31-60,20.16934888090255,31.44666666666666,41.020003250446806
2021-08-01,LastValue,61-90,31.144238284881542,54.80333333333332,63.27994152968222
2021-08-01,LastValue,91-120,30.10531978956339,53.146666666666654,62.48402995966249
2021-08-01,LastValue,121-150,27.975658856213446,48.48333333333333,58.18403274667945
2021-08-01,LastValue,151-180,15.21724715788203,23.999999999999993,36.41094157896314
2021-09-01,XGB,1-30,9.855824937181021,13.858567606608071,17.12148041287482
2021-09-01,XGB,31-60,16.160551862390765,27.480092315673826,32.33153196886589
2021-09-01,XGB,61-90,18.058763240286286,31.009002736409506,37.005054492976655
2021-09-01,XGB,91-120,17.580821601634845,29.233808542887363,34.61753566900388
2021-09-01,XGB,121-150,22.644856877889204,27.269188028971357,31.138872396320828
2021-09-01,XGB,151-180,8.926544887401857,15.368568929036458,19.934670922817617
2021-09-01,SeasNaive,1-30,12.752080493694507,17.846666666666668,23.145352305232542
2021-09-01,SeasNaive,31-60,12.874528084323407,21.066666666666666,26.870429843975327
2021-09-01,SeasNaive,61-90,15.878169514018342,26.673333333333332,33.48425500639567
2021-09-01,SeasNaive,91-120,21.736871129067712,32.589999999999996,40.08786599458744
2021-09-01,SeasNaive,121-150,22.123434657378162,28.473333333333333,38.34921120440419
2021-09-01,SeasNaive,151-180,20.477659643704452,36.69666666666667,43.23500510774419
2021-09-01,Weekday8,1-30,11.461325655305767,15.081476236979166,21.143711209733137
2021-09-01,Weekday8,31-60,11.504804837152319,19.34466873846948,23.06274511878971
2021-09-01,Weekday8,61-90,13.885947512349754,22.993618961964565,28.672735375468125
2021-09-01,Weekday8,91-120,18.77812836445459,27.97781551507676,32.388927332488535
2021-09-01,Weekday8,121-150,17.706695074851826,21.82153967519732,30.6522272265865
2021-09-01,Weekday8,151-180,17.121817168657632,31.310273076993145,35.950011086582364
2021-09-01,LastValue,1-30,15.142903439916784,21.686666666666664,27.68512235840759
2021-09-01,LastValue,31-60,21.14277002216526,35.89666666666667,42.445325616216756
2021-09-01,LastValue,61-90,21.329854787238112,36.38666666666666,42.76516495155062
2021-09-01,LastValue,91-120,21.79782329452419,34.97666666666667,39.62116017147066
2021-09-01,LastValue,121-150,18.149833286003172,24.40666666666667,28.8382038275618
2021-09-01,LastValue,151-180,24.871521000679074,45.766666666666666,51.30724445274111
2021-10-01,XGB,1-30,13.721865169967922,22.60320836385091,26.694790368925545
2021-10-01,XGB,31-60,18.330926196109367,31.560876770019533,40.06025964071588
2021-10-01,XGB,61-90,18.20993674645776,30.798843231201168,38.56661140630145
2021-10-01,XGB,91-120,20.872443826148036,25.739170176188154,29.217275861079955
2021-10-01,XGB,121-150,9.106430068010855,16.523274230957032,21.052985372330028
2021-10-01,XGB,151-180,22.99342057833885,46.378515625,53.67327319968052
2021-10-01,SeasNaive,1-30,10.986861071642716,17.49666666666667,21.9593336268051
2021-10-01,SeasNaive,31-60,13.353004983701647,22.606666666666666,31.088722499753292
2021-10-01,SeasNaive,61-90,21.1079461639129,30.769999999999996,38.95473013640321
2021-10-01,SeasNaive,91-120,23.58511556987218,29.62,39.98932357517441
2021-10-01,SeasNaive,121-150,17.15445963424205,31.006666666666668,37.37394814573381
2021-10-01,SeasNaive,151-180,21.54985531683006,41.78999999999999,46.87881895554395
2021-10-01,Weekday8,1-30,13.192380767877516,21.902618306477862,25.47498130626362
2021-10-01,Weekday8,31-60,14.031518231227443,24.17817942840357,32.4578992963276
2021-10-01,Weekday8,61-90,20.880814929465526,31.591880588914268,37.83028027899378
2021-10-01,Weekday8,91-120,19.47069465146153,24.6017259268963,33.31423600087574
2021-10-01,Weekday8,121-150,19.18234786615826,34.94837579543989,40.48987529097061
2021-10-01,Weekday8,151-180,24.7252252273553,48.51608002957168,53.42113141167329
2021-10-01,LastValue,1-30,18.855584973517875,26.496666666666666,32.93993017600371
2021-10-01,LastValue,31-60,20.967031290810276,28.92,33.89581095061748
2021-10-01,LastValue,61-90,22.07203325021423,28.443333333333328,35.367635864822326
2021-10-01,LastValue,91-120,34.36937588760312,40.34,44.65544386372916
2021-10-01,LastValue,121-150,15.86289734784855,25.766666666666666,30.70993324642696
2021-10-01,LastValue,151-180,19.003320524784943,36.483333333333334,43.36271439843221
2021-11-01,XGB,1-30,15.260987647828493,25.857189585367838,34.5256965341897
2021-11-01,XGB,31-60,19.224797083847402,32.150098622639966,39.96311313961094
2021-11-01,XGB,61-90,20.77177999931462,26.15531560262044,30.119164716494293
2021-11-01,XGB,91-120,11.455387201772863,20.506556955973306,24.996227820337648
2021-11-01,XGB,121-150,25.091621553848253,50.90091323852539,59.555501107458866
2021-11-01,XGB,151-180,29.63809342297964,58.01195337931315,68.5629318940397
2021-11-01,SeasNaive,1-30,19.784443242861663,32.88666666666667,42.748247527432824
2021-11-01,SeasNaive,31-60,26.311304877200936,37.836666666666666,49.08310299889362
2021-11-01,SeasNaive,61-90,29.572755252242892,39.06666666666667,49.72165859395012
2021-11-01,SeasNaive,91-120,18.015579455262127,32.739999999999995,44.39142559849443
2021-11-01,SeasNaive,121-150,19.036743914517164,37.35666666666667,49.31332139155369
2021-11-01,SeasNaive,151-180,24.823685944389254,42.50666666666667,55.931225625762934
2021-11-01,Weekday8,1-30,11.665301819167668,19.43068623860677,24.699136962444136
2021-11-01,Weekday8,31-60,20.655464263125623,28.266531283706424,36.24566439528998
2021-11-01,Weekday8,61-90,23.168684872084423,28.84765126316842,38.429953595257395
2021-11-01,Weekday8,91-120,13.227284138975985,24.08099792096983,29.303126100896602
2021-11-01,Weekday8,121-150,18.100521261750867,35.53629752340064,40.275604022346194
2021-11-01,Weekday8,151-180,22.286337419272417,37.47736359692736,45.73879040787709
2021-11-01,LastValue,1-30,31.096062099344653,54.706666666666656,63.12470726004729
2021-11-01,LastValue,31-60,26.395769259610475,46.16333333333333,57.33741361449782
2021-11-01,LastValue,61-90,18.066952652728187,29.286666666666655,41.77486485116778
2021-11-01,LastValue,91-120,35.9687563804655,65.83333333333331,72.62364169699379
2021-11-01,LastValue,121-150,40.080666380733746,80.28333333333336,89.5261879749905
2021-11-01,LastValue,151-180,35.26918204161125,69.82,82.06574193900887
2021-12-01,XGB,1-30,13.015032490190645,19.77129943847656,23.734089117942727
2021-12-01,XGB,31-60,22.52809615767609,27.183374735514324,32.72063085876684
2021-12-01,XGB,61-90,9.897909206801803,17.655948384602866,22.487107042604823
2021-12-01,XGB,91-120,25.725451900716408,52.44859237670899,61.37120663103373
2021-12-01,XGB,121-150,28.781597529374654,56.00418034871419,65.8247052790364
2021-12-01,XGB,151-180,30.435742896282225,62.99761520385742,71.12884865634864
2021-12-01,SeasNaive,1-30,20.81844604620305,27.036666666666665,36.71899145310684
2021-12-01,SeasNaive,31-60,25.326361564593565,29.98,41.84416327279111
2021-12-01,SeasNaive,61-90,7.491991337329242,13.066666666666666,18.288429857881912
2021-12-01,SeasNaive,91-120,14.37862779915184,28.316666666666666,35.055075714271865
2021-12-01,SeasNaive,121-150,21.199208107421384,33.846666666666664,40.35270333777734
2021-12-01,SeasNaive,151-180,20.29651121122289,37.876666666666665,42.551533462379474
2021-12-01,Weekday8,1-30,18.944176530023807,24.476623331705728,33.5132842066941
2021-12-01,Weekday8,31-60,25.052538421391812,29.97091215846439,40.521819092649565
2021-12-01,Weekday8,61-90,7.896548732070511,14.439574477149721,18.53046572841598
2021-12-01,Weekday8,91-120,14.16578012644968,28.28614969004297,33.61095064072556
2021-12-01,Weekday8,121-150,20.28947675878819,32.767308730617074,39.57586778209457
2021-12-01,Weekday8,151-180,19.996511328596128,38.23779686188662,42.3989881765361
2021-12-01,LastValue,1-30,21.85213033170665,29.269999999999992,34.32235908752971
2021-12-01,LastValue,31-60,27.21396806222237,32.88,36.74580248137194
2021-12-01,LastValue,61-90,17.35311381305001,29.566666666666666,34.149182518278046
2021-12-01,LastValue,91-120,21.250818022817672,41.55,49.38412362963088
2021-12-01,LastValue,121-150,24.378327425119245,41.78,47.135061260170225
2021-12-01,LastValue,151-180,23.615020292802576,47.07666666666667,53.788595445503134
2022-01-01,XGB,1-30,22.168813436655125,26.869993133544924,32.45175266528158
2022-01-01,XGB,31-60,12.120776278573631,21.21520741780599,25.8071016255272
2022-01-01,XGB,61-90,28.661816368085432,58.1214350382487,66.12803774468036
2022-01-01,XGB,91-120,29.451519444299947,57.72953231811524,67.40293184993071
2022-01-01,XGB,121-150,30.00252495081319,61.81314203898112,69.7655439403534
2022-01-01,XGB,151-180,35.54859787899321,76.23116607666016,81.14041368007857
2022-01-01,SeasNaive,1-30,17.237859290771055,26.993333333333325,38.480791745146476
2022-01-01,SeasNaive,31-60,31.008538603914108,56.35999999999999,65.12128172366798
2022-01-01,SeasNaive,61-90,35.97804415338941,72.73666666666668,84.68447909741194
2022-01-01,SeasNaive,91-120,31.499917364874374,62.87333333333333,76.3434476559711
2022-01-01,SeasNaive,121-150,39.56935374979165,79.07000000000001,87.00127010567144
2022-01-01,SeasNaive,151-180,43.51740600068445,93.2266666666667,100.69222743919545
2022-01-01,Weekday8,1-30,21.4312794983371,26.40937306722005,33.8934277535346
2022-01-01,Weekday8,31-60,12.492569064199829,23.6502286945035,32.2222636085552
2022-01-01,Weekday8,61-90,18.398415682904922,38.2040257448788,48.25968079312323
2022-01-01,Weekday8,91-120,21.168770781033853,38.17586948415954,45.341641030792665
2022-01-01,Weekday8,121-150,23.99101122297999,47.1264142845395,52.96597303698877
2022-01-01,Weekday8,151-180,27.195433446675136,58.423969462846586,64.60637003465284
2022-01-01,LastValue,1-30,19.444484881089142,31.779999999999987,43.95043420339174
2022-01-01,LastValue,31-60,35.532665593545985,64.73333333333332,71.73516106717355
2022-01-01,LastValue,61-90,40.36541541548277,80.95000000000003,89.91109497720514
2022-01-01,LastValue,91-120,35.65787829681237,71.08666666666666,83.3035373398593
2022-01-01,LastValue,121-150,41.516132977152814,85.39000000000003,94.55261498234728
2022-01-01,LastValue,151-180,47.38229782223636,101.60000000000004,107.61274707641903
2022-02-01,XGB,1-30,9.371696698182143,17.27368418375651,22.223363894159913
2022-02-01,XGB,31-60,25.71173103666291,51.575460815429686,56.85438496177232
2022-02-01,XGB,61-90,27.50404153122506,52.41216222127279,60.16789441901148
2022-02-01,XGB,91-120,27.546498583886887,56.844616343180334,64.3483858603754
2022-02-01,XGB,121-150,33.18496377189969,71.25585962931315,76.02873688529597
2022-02-01,XGB,151-180,32.55404017499962,71.27498174031575,78.85071405595043
2022-02-01,SeasNaive,1-30,7.167999600813024,12.0,15.14375558880073
2022-02-01,SeasNaive,31-60,12.663716523671182,25.55,32.2101174581321
2022-02-01,SeasNaive,61-90,19.2743916763082,30.713333333333335,38.303446320142
2022-02-01,SeasNaive,91-120,19.619842990926475,37.14333333333333,42.14569570747013
2022-02-01,SeasNaive,121-150,20.682542754238952,43.6,49.94980814110634
2022-02-01,SeasNaive,151-180,22.43085416722778,46.87,52.45020813431853
2022-02-01,Weekday8,1-30,18.15176435123444,33.53512939453125,40.39284631741535
2022-02-01,Weekday8,31-60,23.544742711869677,47.94780434151491,55.41670750835281
2022-02-01,Weekday8,61-90,24.11405423705468,44.73914025468809,51.28834164891266
2022-02-01,Weekday8,91-120,28.603268939970473,57.00613091928588,62.09750079671682
2022-02-01,Weekday8,121-150,32.22178600657237,68.67464956246229,73.28080536655978
2022-02-01,Weekday8,151-180,31.54984634647744,68.52356688727303,75.01105854037158
2022-02-01,LastValue,1-30,17.60984550197178,29.033333333333335,33.40508943259994
2022-02-01,LastValue,31-60,20.41336072607526,40.25,47.8141366822268
2022-02-01,LastValue,61-90,24.64076198286523,41.68,46.45672538323524
2022-02-01,LastValue,91-120,22.91237022076995,45.276666666666664,51.910239837627415
2022-02-01,LastValue,121-150,21.681975048850216,49.3,59.6060679237721
2022-02-01,LastValue,151-180,27.821296195135776,58.63666666666666,65.88579260103552
2022-03-01,XGB,1-30,18.309868813924105,36.84411366780599,44.1863857580434
2022-03-01,XGB,31-60,25.612274089858882,47.61827616373698,54.31389316847133
2022-03-01,XGB,61-90,27.8150915009693,57.70573160807292,66.16947295300605
2022-03-01,XGB,91-120,34.443197185227206,74.2169288635254,79.03772278596044
2022-03-01,XGB,121-150,32.15851155857221,69.45967208862304,77.93934291587254
2022-03-01,XGB,151-180,35.848529789379086,82.12570648193359,89.07641652644908
2022-03-01,SeasNaive,1-30,13.6743530979749,27.283333333333335,35.231259793919754
2022-03-01,SeasNaive,31-60,22.15735255156138,34.54666666666667,43.88348968195974
2022-03-01,SeasNaive,61-90,20.023304135215827,36.99333333333333,42.46745420515182
2022-03-01,SeasNaive,91-120,20.676241608830207,43.833333333333336,50.96976227791009
2022-03-01,SeasNaive,121-150,22.10397111645475,44.00333333333333,50.23107603864364
2022-03-01,SeasNaive,151-180,22.38840786215604,50.43333333333333,57.44258002562211
2022-03-01,Weekday8,1-30,13.530237767614677,27.385706787109374,34.2581554044665
2022-03-01,Weekday8,31-60,18.952517494769527,30.08963982800643,37.77809553245962
2022-03-01,Weekday8,61-90,18.406447314879372,34.782503409902155,39.55617136472023
2022-03-01,Weekday8,91-120,21.02195781791766,44.745200099385535,49.98463435324569
2022-03-01,Weekday8,121-150,21.801511508471133,44.325794215657055,49.93019355134748
2022-03-01,Weekday8,151-180,21.90678273392058,49.93236722067386,56.45720554119769
2022-03-01,LastValue,1-30,26.793563876294538,54.61666666666667,64.17235905486619
2022-03-01,LastValue,31-60,27.05710592834631,51.04666666666667,58.83497259283801
2022-03-01,LastValue,61-90,29.067584726065643,60.51,69.36997188986024
2022-03-01,LastValue,91-120,33.228506567242626,73.06666666666666,80.6026260945221
2022-03-01,LastValue,121-150,32.80667346747423,71.00333333333333,80.29162056736266
2022-03-01,LastValue,151-180,35.606463325825864,82.11666666666666,90.07418239059034
2022-04-01,XGB,1-30,18.284498164650163,27.396419474283853,36.20391670408944
2022-04-01,XGB,31-60,17.07994656257991,32.01838445027669,37.737674082325995
2022-04-01,XGB,61-90,19.92215552962891,42.31585566202799,47.6998796102534
2022-04-01,XGB,91-120,24.403091484381495,52.04942428588867,58.264902695543235
2022-04-01,XGB,121-150,33.96486632733313,77.48515192667644,84.27013092841459
2022-04-01,XGB,151-180,36.60495618532117,81.87821578979492,87.32320053112682
2022-04-01,SeasNaive,1-30,22.9968129403898,34.19666666666667,48.231687371132544
2022-04-01,SeasNaive,31-60,16.982816802691346,31.14333333333333,37.14560987967936
2022-04-01,SeasNaive,61-90,17.554529654468663,35.233333333333334,39.951428843868236
2022-04-01,SeasNaive,91-120,19.215719554563027,37.37,45.38128468873485
2022-04-01,SeasNaive,121-150,15.456046631927522,33.733333333333334,40.21629023169591
2022-04-01,SeasNaive,151-180,16.693374125430296,36.18333333333333,43.227595352968684
2022-04-01,Weekday8,1-30,18.064849949960088,25.618453674316406,38.281684161353944
2022-04-01,Weekday8,31-60,12.551217240988112,22.51340580853323,30.176060125241204
2022-04-01,Weekday8,61-90,13.339775005467649,27.83295711836099,32.75351294481948
2022-04-01,Weekday8,91-120,16.427162594788438,31.97957898532918,38.51225649652538
2022-04-01,Weekday8,121-150,14.979668086089312,33.67644150721391,38.5728967789702
2022-04-01,Weekday8,151-180,14.746031516150016,32.3055591337053,37.42159121698067
2022-04-01,LastValue,1-30,24.365793360393923,39.38,44.411792728208276
2022-04-01,LastValue,31-60,21.00997637385927,40.21,46.959908432619414
2022-04-01,LastValue,61-90,19.137155352944646,43.46666666666667,53.3102554236362
2022-04-01,LastValue,91-120,25.53260020481008,52.236666666666665,59.461396440603934
2022-04-01,LastValue,121-150,26.117771905415463,57.68333333333333,62.47872971393278
2022-04-01,LastValue,151-180,25.375689512162538,54.916666666666664,59.365604519789066
2022-05-01,XGB,1-30,16.54595875126387,31.072015533447264,38.86257749004624
2022-05-01,XGB,31-60,29.57122107055916,62.99938252766927,67.74964430544304
2022-05-01,XGB,61-90,32.882641880331555,71.69140706380207,78.91101053255626
2022-05-01,XGB,91-120,36.724091390721554,83.80847752888998,90.6352817827507
2022-05-01,XGB,121-150,37.39903462933233,83.69616394042968,89.26247778609164
2022-05-01,XGB,151-180,33.37882197562497,71.67321756998697,80.24443748577363
2022-05-01,SeasNaive,1-30,13.722902108029876,25.209999999999997,32.484555304534084
2022-05-01,SeasNaive,31-60,14.665127295812162,30.7,36.64992041828559
2022-05-01,SeasNaive,61-90,16.41676088639445,32.63666666666666,41.04409417524848
2022-05-01,SeasNaive,91-120,14.30481107452182,32.016666666666666,36.94037989337233
2022-05-01,SeasNaive,121-150,13.244562942312518,29.516666666666666,36.45556656168346
2022-05-01,SeasNaive,151-180,15.30352456908567,29.10333333333333,37.44819977871656
2022-05-01,Weekday8,1-30,13.585814124779427,25.01355631510417,31.832279250834574
2022-05-01,Weekday8,31-60,15.447737710736103,33.18954505523046,39.52583624992415
2022-05-01,Weekday8,61-90,16.74042098152925,34.14146713015066,41.249917646768026
2022-05-01,Weekday8,91-120,16.556162777933846,37.69431581750717,42.590927119315175
2022-05-01,Weekday8,121-150,16.615586447022647,36.90177325375109,40.83678097218057
2022-05-01,Weekday8,151-180,16.232171576910336,32.38663094182489,40.88301078451836
2022-05-01,LastValue,1-30,22.10355997041936,34.943333333333335,43.085879357395044
2022-05-01,LastValue,31-60,14.301948940977262,28.933333333333334,35.51314310693061
2022-05-01,LastValue,61-90,22.416329327301167,38.169999999999995,46.342683708794134
2022-05-01,LastValue,91-120,17.97363490845373,34.28333333333333,41.455900263613465
2022-05-01,LastValue,121-150,15.94608494547805,29.65,38.51850204771728
2022-05-01,LastValue,151-180,23.392926561727986,37.43666666666666,48.55781090617656
2022-06-01,XGB,1-30,8.589786174062564,18.509088643391927,23.950295825619826
2022-06-01,XGB,31-60,27.926405968249874,58.53259791056315,65.5336921184372
2022-06-01,XGB,61-90,38.10556303936332,86.49179814656576,93.47591488125244
2022-06-01,XGB,91-120,38.14215781334258,84.98852005004883,91.59247624564209
2022-06-01,XGB,121-150,33.74774343899302,72.76519424438476,81.84506552601324
2022-06-01,XGB,151-180,34.640676286100685,69.80852895100912,81.5901918667871
2022-06-01,SeasNaive,1-30,9.213623170337058,18.766666666666666,22.776083947860748
2022-06-01,SeasNaive,31-60,13.526132995612762,21.886666666666667,33.51262448690046
2022-06-01,SeasNaive,61-90,8.993347629512845,18.483333333333334,21.906049392804718
2022-06-01,SeasNaive,91-120,7.449833527082833,15.05,17.699105438787953
2022-06-01,SeasNaive,121-150,18.031800303654805,29.236666666666668,41.910273203595324
2022-06-01,SeasNaive,151-180,39.604476021162924,53.03666666666667,71.25941575211891
2022-06-01,Weekday8,1-30,12.19314691318337,26.034544067382814,32.73137520024284
2022-06-01,Weekday8,31-60,14.758867468714689,27.966509721602005,35.129624462801026
2022-06-01,Weekday8,61-90,12.256603486076395,27.405854218314268,31.426517151092586
2022-06-01,Weekday8,91-120,10.574777939414114,23.280299248075547,28.419721138766736
2022-06-01,Weekday8,121-150,15.335762528764189,27.724966998160898,37.55693126105846
2022-06-01,Weekday8,151-180,31.194150624605673,44.72817296671839,58.57128144691732
2022-06-01,LastValue,1-30,14.55739956211807,29.033333333333335,35.492017881959505
2022-06-01,LastValue,31-60,23.076665611812782,39.03666666666666,46.92118569118503
2022-06-01,LastValue,61-90,17.185657837509805,31.95,40.37191680694226
2022-06-01,LastValue,91-120,17.173301524716642,30.483333333333334,40.208726250239096
2022-06-01,LastValue,121-150,23.556665303506737,37.236666666666665,48.848892856781646
2022-06-01,LastValue,151-180,38.19192118764559,52.153333333333336,66.47552933222872
2022-07-01,XGB,1-30,17.118333458225706,28.407679036458333,39.989241535091125
2022-07-01,XGB,31-60,13.041183894175061,25.465767415364585,30.786980445064746
2022-07-01,XGB,61-90,13.017928432540996,24.322244262695314,31.110675211494808
2022-07-01,XGB,91-120,20.31461959969545,33.08697947184245,43.01414189118186
2022-07-01,XGB,121-150,37.92536007080526,58.629573872884116,68.54365474867419
2022-07-01,XGB,151-180,27.553763710938068,52.01480143229166,64.10172130175974
2022-07-01,SeasNaive,1-30,15.785093162804484,26.220000000000002,39.6453780408259
2022-07-01,SeasNaive,31-60,12.262572756955512,25.483333333333334,33.29176574870529
2022-07-01,SeasNaive,61-90,12.456760939130573,25.583333333333332,31.078261427134777
2022-07-01,SeasNaive,91-120,21.70729761331262,35.90333333333333,48.930198582606764
2022-07-01,SeasNaive,121-150,42.11586876980191,56.53666666666667,76.61021037259546
2022-07-01,SeasNaive,151-180,43.706744181804304,55.626666666666665,76.63168187288248
2022-07-01,Weekday8,1-30,14.838051034103072,24.683231506347656,34.43843123900448
2022-07-01,Weekday8,31-60,10.235189797517268,20.67700414630274,25.085739964226544
2022-07-01,Weekday8,61-90,8.595353901370661,16.719131603043007,22.40225820819234
2022-07-01,Weekday8,91-120,18.212008513628703,29.1109971458929,41.42511072276382
2022-07-01,Weekday8,121-150,37.08227007240044,49.468851079879144,66.62237953906687
2022-07-01,Weekday8,151-180,40.44885924510738,51.73890434371821,68.2443054386634
2022-07-01,LastValue,1-30,23.40790961581009,39.03666666666666,47.18704977710163
2022-07-01,LastValue,31-60,16.76248546197167,30.55,40.049864752164474
2022-07-01,LastValue,61-90,17.132726905454202,29.883333333333333,40.15521966901273
2022-07-01,LastValue,91-120,24.053985098628075,37.57,49.501861917844394
2022-07-01,LastValue,121-150,39.05820135922279,52.82000000000001,67.60854975518998
2022-07-01,LastValue,151-180,41.54212909036862,53.693333333333335,66.74924219295178
