Origin,Method,actual_std,pred_std,std_ratio,actual_mean,pred_mean,bias_pct
2021-06-01,XGB,32.50698796669212,11.604837287647536,0.35699515745778376,150.9466666666667,145.341506406996,-3.7133382163704765
2021-06-01,SeasNaive,32.50698796669212,18.75977522964139,0.5770997684824986,150.9466666666667,160.91666666666666,6.604981892058981
2021-06-01,Weekday8,32.50698796669212,15.372536197590362,0.47289943360306524,150.9466666666667,147.22051972884344,-2.4685188617325604
2021-07-01,XGB,33.0553533653947,11.201847336429985,0.3388814880483801,152.1816666666667,137.992136171129,-9.324073527606934
2021-07-01,SeasNaive,33.0553533653947,20.770238055662453,0.6283471795345136,152.1816666666667,151.45666666666668,-0.4764042974953364
2021-07-01,Weekday8,33.0553533653947,22.345522542022955,0.6760031361642089,152.1816666666667,152.67035501430533,0.3211216951047202
2021-08-01,XGB,32.07100807506084,20.47647270240416,0.6384729988680069,147.6127777777778,141.03816799587673,-4.4539570902179975
2021-08-01,SeasNaive,32.07100807506084,37.57462991940502,1.1716073854449223,147.6127777777778,150.94555555555556,2.257784067172719
2021-08-01,Weekday8,32.07100807506084,29.44178414907913,0.9180186690786856,147.6127777777778,153.96241127649523,4.301547328291866
2021-09-01,XGB,33.59132486480459,20.135782803947222,0.5994340171156675,153.05777777777777,144.02522332933214,-5.9014017971434685
2021-09-01,SeasNaive,33.59132486480459,32.67044222323488,0.9725857004665341,153.05777777777777,140.2177777777778,-8.388988907602046
2021-09-01,Weekday8,33.59132486480459,22.097448750781183,0.6578320098929427,153.05777777777777,143.02806584519465,-6.552892690723045
2021-10-01,XGB,36.7334025466512,21.158618989661186,0.5760048762918129,161.13611111111112,144.38081075880262,-10.39822807983426
2021-10-01,SeasNaive,36.7334025466512,30.492249571827546,0.8300959741777957,161.13611111111112,146.42222222222225,-9.131341688358695
2021-10-01,Weekday8,36.7334025466512,23.613102755887546,0.6428237276930459,161.13611111111112,139.5774812483314,-13.379142461688186
2021-11-01,XGB,38.897155216681554,22.47633899060475,0.577840175339236,163.88222222222223,139.36557540893554,-14.959918459027499
2021-11-01,SeasNaive,38.897155216681554,39.21183941894697,1.0080901598204914,163.88222222222223,151.71777777777777,-7.422674820670682
2021-11-01,Weekday8,38.897155216681554,28.02700581684396,0.7205412750808113,163.88222222222223,152.58536067128358,-6.893280673006885
2021-12-01,XGB,41.573766252675476,21.33382662499755,0.5131559766641208,169.0961111111111,141.70367495218912,-16.19932946945346
2021-12-01,SeasNaive,41.573766252675476,30.753823409797157,0.7397410959325341,169.0961111111111,162.8111111111111,-3.716821137223081
2021-12-01,Weekday8,41.573766252675476,27.315988909151603,0.6570486961208063,169.0961111111111,160.5053038445058,-5.080428645080071
2022-01-01,XGB,42.82894283594267,18.678444651907892,0.4361173406370579,178.79000000000002,138.4634794023302,-22.55524391614174
2022-01-01,SeasNaive,42.82894283594267,19.752721206500343,0.46120029817601693,178.79000000000002,115.09777777777781,-35.624040618727115
2022-01-01,Weekday8,42.82894283594267,20.46712225303129,0.4778806315960474,178.79000000000002,151.29883874748398,-15.376229796138507
2022-02-01,XGB,41.98826118654041,17.11843087399084,0.4076956365956458,190.47055555555553,139.83545235527887,-26.58421562985763
2022-02-01,SeasNaive,41.98826118654041,28.846496139153068,0.6870133538275689,190.47055555555553,165.2277777777778,-13.252850396824222
2022-02-01,Weekday8,41.98826118654041,16.96408791435415,0.4040197768368672,190.47055555555553,139.84837077700297,-26.577433257807314
2022-03-01,XGB,43.124813028759114,15.852049259249533,0.3675853446292765,196.95111111111115,138.04861356947157,-29.907166915351592
2022-03-01,SeasNaive,43.124813028759114,36.51029366096466,0.8466191757542612,196.95111111111115,171.38888888888889,-12.978968271877978
2022-03-01,Weekday8,43.124813028759114,27.161804717502726,0.6298416806906278,196.95111111111115,165.10195880539544,-16.171095520120126
2022-04-01,XGB,42.96974271378512,27.364917959383156,0.6368415594586332,201.92333333333332,157.0641884273953,-22.215929266522615
2022-04-01,SeasNaive,42.96974271378512,43.381483576336464,1.0095821114241685,201.92333333333332,185.57222222222222,-8.09768283892126
2022-04-01,Weekday8,42.96974271378512,31.735890588374577,0.7385636632679532,201.92333333333332,183.77263536763866,-8.988905673289205
2022-05-01,XGB,42.47474730884949,22.150451620973946,0.5214969605330404,205.65277777777777,141.67848349677192,-31.10791644649438
2022-05-01,SeasNaive,42.47474730884949,29.965195345579936,0.7054826042328632,205.65277777777777,185.8388888888889,-9.634632268521637
2022-05-01,Weekday8,42.47474730884949,25.836917409901922,0.6082889021571384,205.65277777777777,177.91844305705186,-13.486000539557407
2022-06-01,XGB,47.21452530736701,32.34279378244007,0.6850178747300364,204.20666666666665,146.0902013990614,-28.459631713430145
2022-06-01,SeasNaive,47.21452530736701,35.88660725461399,0.7600755704095685,204.20666666666665,214.24444444444444,4.915499548387814
2022-06-01,Weekday8,47.21452530736701,28.930528239405223,0.612746354031248,204.20666666666665,190.5322374708928,-6.696367664673297
2022-07-01,XGB,51.389911233073846,36.41433446807623,0.7085891684638765,198.61888888888893,189.77494956122504,-4.4527181564344325
2022-07-01,SeasNaive,51.389911233073846,43.888776722782126,0.854034880965817,198.61888888888893,210.68333333333334,6.074167724900259
2022-07-01,Weekday8,51.389911233073846,30.978326442222485,0.6028094950723568,198.61888888888893,208.30621911347274,4.877345895335794
